{"timeStep": 2.5e-05, "spaceStep": 0.01, "regionLengths": [0.3, 0.1333333333333333, 0.1333333333333333, 0.1333333333333333, 0.3], "arrivalTimes": [459, 256, 20, 0], "speeds": [0.9731299927378358, 1.5364583333333333, 17.0]}