{"timeStep": 0.0001, "spaceStep": 0.02, "regionLengths": [0.3, 0.1333333333333333, 0.1333333333333333, 0.1333333333333333, 0.3], "arrivalTimes": [53, 41, 28, 15]}